epoch,step,val_loss
0,2,1.852293610572815
1,5,0.8482013940811157
2,8,0.07440356910228729
3,11,0.001151684788055718
4,14,1.0615518476697616e-05
