epoch,step,val_loss
0,2,1.8445196151733398
1,5,0.8391677141189575
2,8,0.07466112077236176
3,11,0.0012072346871718764
4,14,1.1736066880985163e-05
