epoch,step,val_loss
0,2,1.358738660812378
1,5,0.1056070551276207
2,8,0.02759663388133049
3,11,0.020271098241209984
4,14,0.013476272113621235
