epoch,step,val_loss
0,2,1.3782896995544434
1,5,0.597946286201477
2,8,0.054538220167160034
3,11,0.0011170990765094757
4,14,1.5067923413880635e-05
