epoch,step,val_loss
0,2,1.40487539768219
1,5,0.24940676987171173
2,8,0.14427974820137024
3,11,0.0445014089345932
4,14,0.019769635051488876
